zone_id,val_mae
COURT_1,0.6488736545767116
SIM_1,0.41239088585202294
TURF_A,0.7441664951262723
TURF_B,0.6096284141070427
